index,Original,Äáº¡t,Táº¥n,PhÃ¡t,Ká»³
1947,"MÃ¡y Ä‘áº¹p,pin trÃ¢u loa nghe nháº¡c to vÃ  hay,mÃ n hÃ¬nh to Ä‘áº¹p cáº§m mÃ¡y cÅ©ng ráº¥t thÃ­ch nhÆ°ng Ä‘á»™ sÃ¡ng mÃ n hÃ¬nh hÆ¡i tá»‘i khi báº­t háº¿t cá»¡ vÃ  trong há»™p khÃ´ng cÃ³ tai nghe 3.5mn","MÃ¡y Ä‘áº¹p, pin trÃ¢u, loa nghe nháº¡c to vÃ  hay, mÃ n hÃ¬nh to Ä‘áº¹p, cáº§m mÃ¡y cÅ©ng ráº¥t thÃ­ch nhÆ°ng Ä‘á»™ sÃ¡ng mÃ n hÃ¬nh hÆ¡i tá»‘i khi báº­t háº¿t cá»¡ vÃ  trong há»™p khÃ´ng cÃ³ tai nghe 3.5mn","MÃ¡y Ä‘áº¹p, pin dÃ¹ng Ä‘Æ°á»£c lÃ¢u, loa nghe nháº¡c to vÃ  hay, mÃ n hÃ¬nh to, Ä‘áº¹p, cáº§m mÃ¡y cÅ©ng ráº¥t thÃ­ch, nhÆ°ng Ä‘á»™ sÃ¡ng mÃ n hÃ¬nh hÆ¡i tá»‘i khi báº­t háº¿t cá»¡, vÃ  trong há»™p khÃ´ng cÃ³ tai nghe 3.5mm","MÃ¡y Ä‘áº¹p; pin trÃ¢u, loa nghe nháº¡c to vÃ  hay, mÃ n hÃ¬nh to, Ä‘áº¹p, cáº§m mÃ¡y cÅ©ng ráº¥t thÃ­ch nhÆ°ng Ä‘á»™ sÃ¡ng mÃ n hÃ¬nh hÆ¡i tá»‘i khi báº­t háº¿t cá»¡ vÃ  trong há»™p khÃ´ng cÃ³ tai nghe 3.5mn","MÃ¡y Ä‘áº¹p,pin trÃ¢u loa nghe nháº¡c to vÃ  hay,mÃ n hÃ¬nh to Ä‘áº¹p cáº§m mÃ¡y cÅ©ng ráº¥t thÃ­ch nhÆ°ng Ä‘á»™ sÃ¡ng mÃ n hÃ¬nh hÆ¡i tá»‘i khi báº­t háº¿t cá»¡ vÃ  trong há»™p khÃ´ng cÃ³ tai nghe 3.5mn"
1948,"Äiá»‡n thoáº¡i mang tiáº¿ng cáº¥u hÃ¬nh cao mÃ  cháº­m báº±ng máº¥y láº§n con ip 6 cÃ¹i báº¯p. Máº¡ng máº½o thÃ¬ mÃ©o vÃ o Ä‘Æ°á»£c.
NÃ³i chung chá»‰ Ä‘Æ°á»£c cÃ¡i quáº£ng cÃ¡o hay","Äiá»‡n thoáº¡i mang tiáº¿ng cáº¥u hÃ¬nh cao mÃ  cháº­m báº±ng máº¥y láº§n con iphone 6 cÃ¹i báº¯p. Máº¡ng máº½o thÃ¬ mÃ©o vÃ o Ä‘Æ°á»£c.
NÃ³i chung chá»‰ Ä‘Æ°á»£c cÃ¡i quáº£ng cÃ¡o hay","Äiá»‡n thoáº¡i mang tiáº¿ng cáº¥u hÃ¬nh cao mÃ  cháº­m báº±ng máº¥y láº§n con Iphone 6 hiá»‡u nÄƒng yáº¿u. Máº¡ng thÃ¬ khÃ´ng vÃ o Ä‘Æ°á»£c.
NÃ³i chung chá»‰ Ä‘Æ°á»£c quáº£ng cÃ¡o hay","Äiá»‡n thoáº¡i mang tiáº¿ng cáº¥u hÃ¬nh cao mÃ  cháº­m báº±ng máº¥y láº§n con iPhone 6 cÃ¹i báº¯p. Máº¡ng máº½o thÃ¬ mÃ©o vÃ o Ä‘Æ°á»£c.
NÃ³i chung chá»‰ Ä‘Æ°á»£c cÃ¡i quáº£ng cÃ¡o hay","Äiá»‡n thoáº¡i mang tiáº¿ng cáº¥u hÃ¬nh cao mÃ  cháº­m báº±ng máº¥y láº§n con Iphone 6 cÃ¹i báº¯p. Máº¡ng máº½o thÃ¬ mÃ©o vÃ o Ä‘Æ°á»£c.
NÃ³i chung chá»‰ Ä‘Æ°á»£c cÃ¡i quáº£ng cÃ¡o hay"
1949,"GiÃ¡ ráº½,pin trÃ¢u,sÃ³ng máº¡nh,chá»­ ráº¥t to phÃ¹ há»£p vá»›i ngÆ°á»i lá»›n tuá»•i.loa to nhÆ°ng loa trong vÃ  ngoÃ i chung nÃªn nÃ³i chuyá»‡n ai cá»§ng nghe dÃ¹ báº­t loa trong. ÄÃ¨n pin thÃ¬ to siÃªu sÃ¡ng luÃ´n. NhÃ¢n viÃªn dmx buÃ´n tráº¥p_ daklak ráº¥t nhiá»‡t tÃ¬nh vui váº½. Ráº¥t hÃ i lÃ²ng khi mua sá»›m táº¡i dmx.","GiÃ¡ ráº», pin trÃ¢u, sÃ³ng máº¡nh, chá»¯ ráº¥t to phÃ¹ há»£p vá»›i ngÆ°á»i lá»›n tuá»•i. Loa to nhÆ°ng loa trong vÃ  ngoÃ i chung nÃªn nÃ³i chuyá»‡n ai cÅ©ng nghe dÃ¹ báº­t loa trong. ÄÃ¨n pin thÃ¬ to siÃªu sÃ¡ng luÃ´n. NhÃ¢n viÃªn dienmayxanh BuÃ´n Tráº¥p, Äáº¯k Láº¯k ráº¥t nhiá»‡t tÃ¬nh vui váº». Ráº¥t hÃ i lÃ²ng khi mua sá»›m táº¡i dienmayxanh.","GiÃ¡ ráº», pin dÃ¹ng Ä‘Æ°á»£c lÃ¢u, sÃ³ng máº¡nh, chá»¯ ráº¥t to phÃ¹ há»£p vá»›i ngÆ°á»i lá»›n tuá»•i. Loa to nhÆ°ng loa trong vÃ  ngoÃ i chung nÃªn nÃ³i chuyá»‡n ai cÅ©ng nghe dÃ¹ báº­t loa trong. ÄÃ¨n pin thÃ¬ to, ráº¥t sÃ¡ng luÃ´n. NhÃ¢n viÃªn Äiá»‡n mÃ¡y xanh BuÃ´n Tráº¥p, Äáº¯k Láº¯k ráº¥t nhiá»‡t tÃ¬nh vui váº». Ráº¥t hÃ i lÃ²ng khi mua sá»›m táº¡i Äiá»‡n mÃ¡y xanh.","GiÃ¡ ráº», pin trÃ¢u, sÃ³ng máº¡nh, chá»¯ ráº¥t to phÃ¹ há»£p vá»›i ngÆ°á»i lá»›n tuá»•i. Loa to nhÆ°ng loa trong vÃ  ngoÃ i chung nÃªn nÃ³i chuyá»‡n ai cÅ©ng nghe dÃ¹ báº­t loa trong. ÄÃ¨n pin thÃ¬ to siÃªu sÃ¡ng luÃ´n. NhÃ¢n viÃªn Äiá»‡n MÃ¡y Xanh BuÃ´n Tráº¥p Äáº¯k Láº¯k ráº¥t nhiá»‡t tÃ¬nh vui váº». Ráº¥t hÃ i lÃ²ng khi mua sá»›m táº¡i Äiá»‡n MÃ¡y Xanh.","GiÃ¡ ráº½,pin trÃ¢u,sÃ³ng máº¡nh,chá»­ ráº¥t to phÃ¹ há»£p vá»›i ngÆ°á»i lá»›n tuá»•i.loa to nhÆ°ng loa trong vÃ  ngoÃ i chung nÃªn nÃ³i chuyá»‡n ai cá»§ng nghe dÃ¹ báº­t loa trong. ÄÃ¨n pin thÃ¬ to siÃªu sÃ¡ng luÃ´n. NhÃ¢n viÃªn Äiá»‡n MÃ¡y Xanh buá»“n tráº¥p Äáº¯k Láº¯k ráº¥t nhiá»‡t tÃ¬nh vui váº½. Ráº¥t hÃ i lÃ²ng khi mua sá»›m táº¡i Äiá»‡n MÃ¡y Xanh."
1950,"Chá»¥p Ä‘áº¹p , k cÃ²n gÃ¬ pháº£i chÃª , nÃ³i chung tá»‘t trong táº§m giÃ¡. NgoÃ i ra pin cÃ²n trÃ¢u vÃ  game mÆ°á»£t háº¿t chá»— chÃª .","Chá»¥p Ä‘áº¹p, khÃ´ng cÃ²n gÃ¬ pháº£i chÃª, nÃ³i chung tá»‘t trong táº§m giÃ¡. NgoÃ i ra pin cÃ²n trÃ¢u vÃ  game mÆ°á»£t háº¿t chá»— chÃª .","Chá»¥p Ä‘áº¹p, khÃ´ng cÃ²n gÃ¬ pháº£i chÃª, nÃ³i chung tá»‘t trong táº§m giÃ¡. NgoÃ i ra pin cÃ²n dÃ¹ng Ä‘Æ°á»£c lÃ¢u vÃ  chÆ¡i game mÆ°á»£t háº¿t chá»— chÃª.","Chá»¥p Ä‘áº¹p, khÃ´ng cÃ²n gÃ¬ pháº£i chÃª, nÃ³i chung tá»‘t trong táº§m giÃ¡. NgoÃ i ra pin cÃ²n trÃ¢u vÃ  game mÆ°á»£t háº¿t chá»— chÃª.","Chá»¥p Ä‘áº¹p ,khÃ´ng cÃ²n gÃ¬ pháº£i chÃª , nÃ³i chung tá»‘t trong táº§m giÃ¡. NgoÃ i ra pin cÃ²n trÃ¢u vÃ  game mÆ°á»£t háº¿t chá»— chÃª ."
1951,"MÃ¡y dÃ¹ng ráº¥t ok, mÆ°á»£t vÃ  nÃ©t cÄƒng. Tá»‘c Ä‘á»™ ráº¥t nhanh. Tuy nhiÃªn pin má»›i sáº¡c láº§n Ä‘áº§u nÃªn cÅ©ng chÆ°a rÃµ cÃ¡c láº§n sau cÃ³ sáº¡c nhanh hÆ¡n khÃ´ng. QuÃ¡ á»•n trong táº§m giÃ¡.","MÃ¡y dÃ¹ng ráº¥t ok, mÆ°á»£t vÃ  nÃ©t cÄƒng. Tá»‘c Ä‘á»™ ráº¥t nhanh. Tuy nhiÃªn pin má»›i sáº¡c láº§n Ä‘áº§u nÃªn cÅ©ng chÆ°a rÃµ cÃ¡c láº§n sau cÃ³ sáº¡c nhanh hÆ¡n khÃ´ng. QuÃ¡ á»•n trong táº§m giÃ¡.","MÃ¡y dÃ¹ng ráº¥t tá»‘t, mÆ°á»£t vÃ  nÃ©t cÄƒng. Tá»‘c Ä‘á»™ ráº¥t nhanh. Tuy nhiÃªn pin má»›i sáº¡c láº§n Ä‘áº§u nÃªn cÅ©ng chÆ°a rÃµ cÃ¡c láº§n sau cÃ³ sáº¡c nhanh hÆ¡n khÃ´ng. QuÃ¡ á»•n trong táº§m giÃ¡.","MÃ¡y dÃ¹ng ráº¥t ok, mÆ°á»£t vÃ  nÃ©t cÄƒng. Tá»‘c Ä‘á»™ ráº¥t nhanh. Tuy nhiÃªn pin má»›i sáº¡c láº§n Ä‘áº§u nÃªn cÅ©ng chÆ°a rÃµ cÃ¡c láº§n sau cÃ³ sáº¡c nhanh hÆ¡n khÃ´ng. QuÃ¡ á»•n trong táº§m giÃ¡.","MÃ¡y dÃ¹ng ráº¥t ok, mÆ°á»£t vÃ  nÃ©t cÄƒng. Tá»‘c Ä‘á»™ ráº¥t nhanh. Tuy nhiÃªn pin má»›i sáº¡c láº§n Ä‘áº§u nÃªn cÅ©ng chÆ°a rÃµ cÃ¡c láº§n sau cÃ³ sáº¡c nhanh hÆ¡n khÃ´ng. QuÃ¡ á»•n trong táº§m giÃ¡."
1952,"ÄÃ£ mua vÃ  Ä‘Ã£ hoÃ n máº¥t 20% ngay vÃ  luÃ´n. MÃ¡y xáº¥u á»‰n dÃ y cui, mÃ n hÃ¬nh cá»±c ká»³ xáº¥u xÃ­ cháº¥t lÆ°á»£ng kÃ©m, xÃ i bá»‹ hoa máº¯t Ä‘au Ä‘áº§u chÃ³ng máº·t.","ÄÃ£ mua vÃ  Ä‘Ã£ hoÃ n máº¥t 20% ngay vÃ  luÃ´n. MÃ¡y xáº¥u á»‰n, dÃ y cui, mÃ n hÃ¬nh cá»±c ká»³ xáº¥u xÃ­ cháº¥t lÆ°á»£ng kÃ©m, xÃ i bá»‹ hoa máº¯t Ä‘au Ä‘áº§u chÃ³ng máº·t.","ÄÃ£ mua vÃ  Ä‘Ã£ hoÃ n máº¥t 20% ngay vÃ  luÃ´n. MÃ¡y xáº¥u á»‰n dÃ y cui, mÃ n hÃ¬nh cá»±c ká»³ xáº¥u xÃ­ cháº¥t lÆ°á»£ng kÃ©m, xÃ i bá»‹ hoa máº¯t Ä‘au Ä‘áº§u chÃ³ng máº·t.","ÄÃ£ mua vÃ  Ä‘Ã£ hoÃ n máº¥t 20% ngay vÃ  luÃ´n. MÃ¡y xáº¥u á»‰n, dÃ y cui, mÃ n hÃ¬nh cá»±c ká»³ xáº¥u xÃ­ cháº¥t lÆ°á»£ng kÃ©m, xÃ i bá»‹ hoa máº¯t Ä‘au Ä‘áº§u chÃ³ng máº·t.","ÄÃ£ mua vÃ  Ä‘Ã£ hoÃ n máº¥t 20% ngay vÃ  luÃ´n. MÃ¡y xáº¥u xÃ­ dÃ y cui, mÃ n hÃ¬nh cá»±c ká»³ xáº¥u xÃ­ cháº¥t lÆ°á»£ng kÃ©m, xÃ i bá»‹ hoa máº¯t Ä‘au Ä‘áº§u chÃ³ng máº·t."
1953,MÃ¡y mÃ u xanh lÃ¡ Ä‘áº­m khÃ¡ oke.chup áº£nh biáº¿t canh gÃ³c lÃ  bao Ä‘áº¹p. Pin xÃ i mÆ°á»£t 4000 mÃ  Ä‘c 1 ngÃ y rÆ°á»¡i .  Sáº¡c nhanh táº§m hÆ¡n 2 tiáº¿ng chÃºt. Cáº£m biáº¿n vÃ¢n tay cÃ¡c kiá»ƒu... nÃ³i chung táº§m nÃ y thÃ¬ A10s lÃ  quÃ¡ tuyá»‡t vá»i há»£p giÃ¡ há»£p lÃ­. ThÃªm nv tÆ° váº¥n nhiá»‡t tÃ¬nh.  Ã€h vÃ  MÃ¡y má»›i bÃ¡n ra máº¥y ngÃ y nÃªn chÆ°a mua Ä‘c á»‘p lÆ°ng.,"MÃ¡y mÃ u xanh lÃ¡ Ä‘áº­m khÃ¡ ok. Chá»¥p áº£nh biáº¿t canh gÃ³c lÃ  bao Ä‘áº¹p. Pin xÃ i mÆ°á»£t 4000mAh mÃ  Ä‘Æ°á»£c 1 ngÃ y rÆ°á»¡i.  Sáº¡c nhanh táº§m hÆ¡n 2 tiáº¿ng chÃºt. Cáº£m biáº¿n vÃ¢n tay cÃ¡c kiá»ƒu... nÃ³i chung táº§m nÃ y thÃ¬ A10s lÃ  quÃ¡ tuyá»‡t vá»i, há»£p giÃ¡, há»£p lÃ½. ThÃªm nhÃ¢n viÃªn tÆ° váº¥n nhiá»‡t tÃ¬nh.  Ã€ vÃ  mÃ¡y má»›i bÃ¡n ra máº¥y ngÃ y nÃªn chÆ°a mua Ä‘Æ°á»£c á»‘p lÆ°ng.",MÃ¡y mÃ u xanh lÃ¡ Ä‘áº­m khÃ¡ Ä‘Æ°Æ¡c. Chá»¥p áº£nh biáº¿t canh gÃ³c lÃ  ráº¥t Ä‘áº¹p. Pin xÃ i mÆ°á»£t 4000 mÃ  Ä‘Æ°á»£c 1 ngÃ y rÆ°á»¡i.  Sáº¡c nhanh táº§m hÆ¡n 2 tiáº¿ng chÃºt. Cáº£m biáº¿n vÃ¢n tay cÃ¡c kiá»ƒu. NÃ³i chung táº§m nÃ y thÃ¬ A10s lÃ  quÃ¡ tuyá»‡t vá»i há»£p giÃ¡ há»£p lÃ­. ThÃªm nhÃ¢n viÃªn tÆ° váº¥n nhiá»‡t tÃ¬nh. Ã€h vÃ  mÃ¡y má»›i bÃ¡n ra máº¥y ngÃ y nÃªn chÆ°a mua Ä‘Æ°á»£c á»‘p lÆ°ng.,MÃ¡y mÃ u xanh lÃ¡ Ä‘áº­m khÃ¡ ok. Chup áº£nh biáº¿t canh gÃ³c lÃ  bao Ä‘áº¹p. Pin xÃ i mÆ°á»£t 4000mAh mÃ  Ä‘Æ°á»£c 1 ngÃ y rÆ°á»¡i. Sáº¡c nhanh táº§m hÆ¡n 2 tiáº¿ng chÃºt. Cáº£m biáº¿n vÃ¢n tay cÃ¡c kiá»ƒu... nÃ³i chung táº§m nÃ y thÃ¬ A10s lÃ  quÃ¡ tuyá»‡t vá»i há»£p giÃ¡ há»£p lÃ­. ThÃªm nhÃ¢n viÃªn tÆ° váº¥n nhiá»‡t tÃ¬nh. Ã€ vÃ  mÃ¡y má»›i bÃ¡n ra máº¥y ngÃ y nÃªn chÆ°a mua Ä‘Æ°á»£c á»‘p lÆ°ng.,MÃ¡y mÃ u xanh lÃ¡ Ä‘áº­m khÃ¡ oke.chup áº£nh biáº¿t canh gÃ³c lÃ  bao Ä‘áº¹p. Pin xÃ i mÆ°á»£t 4000 mÃ  Ä‘Æ°á»£c 1 ngÃ y rÆ°á»¡i .  Sáº¡c nhanh táº§m hÆ¡n 2 tiáº¿ng chÃºt. Cáº£m biáº¿n vÃ¢n tay cÃ¡c kiá»ƒu... nÃ³i chung táº§m nÃ y thÃ¬ A10s lÃ  quÃ¡ tuyá»‡t vá»i há»£p giÃ¡ há»£p lÃ­. ThÃªm nhÃ¢n viÃªn tÆ° váº¥n nhiá»‡t tÃ¬nh.  Ã€ vÃ  MÃ¡y má»›i bÃ¡n ra máº¥y ngÃ y nÃªn chÆ°a mua Ä‘c á»‘p lÆ°ng.
1954,"MÃ¡y á»•n mÃ  cÃ¡c báº¡n, báº¡n nÃ o chÃª pin yáº¿u thÃ¬ mÃ¬nh hÆ°á»›ng dáº«n cÃ¡c báº¡n vÃ o cÃ i Ä‘áº·t sim vÃ  máº¡ng Ä‘i Ä‘á»™ng, Táº¯t cháº¿ Ä‘á»™ LTE VoiCe lÃ  ok áº¡! Má»—i khi thay sim khÃ¡c vÃ´ lÃ  nÃ³ tá»± báº­t! CÃ¡c báº¡n táº¯t Ä‘i lÃ  pin sáº½ k tá»± sá»¥t nhanh ná»¯a ak","MÃ¡y á»•n mÃ  cÃ¡c báº¡n, báº¡n nÃ o chÃª pin yáº¿u thÃ¬ mÃ¬nh hÆ°á»›ng dáº«n cÃ¡c báº¡n vÃ o cÃ i Ä‘áº·t sim vÃ  máº¡ng Ä‘i Ä‘á»™ng, táº¯t cháº¿ Ä‘á»™ LTE VoLCe lÃ  ok áº¡! Má»—i khi thay sim khÃ¡c vÃ´ lÃ  nÃ³ tá»± báº­t! CÃ¡c báº¡n táº¯t Ä‘i lÃ  pin sáº½ khÃ´ng tá»± sá»¥t nhanh ná»¯a áº¡","MÃ¡y á»•n mÃ  cÃ¡c báº¡n, báº¡n nÃ o chÃª pin yáº¿u thÃ¬ mÃ¬nh hÆ°á»›ng dáº«n cÃ¡c báº¡n vÃ o cÃ i Ä‘áº·t sim vÃ  máº¡ng Ä‘i Ä‘á»™ng, Táº¯t cháº¿ Ä‘á»™ LTE Voice lÃ  Ä‘Æ°á»£c áº¡! Má»—i khi thay sim khÃ¡c vÃ´ lÃ  nÃ³ tá»± báº­t! CÃ¡c báº¡n táº¯t Ä‘i lÃ  pin sáº½ khÃ´ng tá»± sá»¥t nhanh ná»¯a Ã ","MÃ¡y á»•n mÃ  cÃ¡c báº¡n, báº¡n nÃ o chÃª pin yáº¿u thÃ¬ mÃ¬nh hÆ°á»›ng dáº«n cÃ¡c báº¡n vÃ o cÃ i Ä‘áº·t sim vÃ  máº¡ng Ä‘i Ä‘á»™ng, táº¯t cháº¿ Ä‘á»™ VoLTE lÃ  ok áº¡! Má»—i khi thay sim khÃ¡c vÃ´ lÃ  nÃ³ tá»± báº­t! CÃ¡c báº¡n táº¯t Ä‘i lÃ  pin sáº½ khÃ´ng tá»± sá»¥t nhanh ná»¯a Ã¡","MÃ¡y á»•n mÃ  cÃ¡c báº¡n, báº¡n nÃ o chÃª pin yáº¿u thÃ¬ mÃ¬nh hÆ°á»›ng dáº«n cÃ¡c báº¡n vÃ o cÃ i Ä‘áº·t sim vÃ  máº¡ng Ä‘i Ä‘á»™ng, Táº¯t cháº¿ Ä‘á»™ LTE VoiCe lÃ  ok áº¡! Má»—i khi thay sim khÃ¡c vÃ´ lÃ  nÃ³ tá»± báº­t! CÃ¡c báº¡n táº¯t Ä‘i lÃ  pin sáº½ khÃ´ng tá»± sá»¥t nhanh ná»¯a Ã¡"
1955,Cho 5 sao vÃ¬ nhÃ¢n viÃªn phá»¥c vá»¥ ráº¥t tá»‘t vui váº» Ä‘á»‹a chá»‰ chÃ¢u thÃ nh thá»‹ tráº¥n ngÃ£ sÃ¡u gÃ³p Ã½ ráº±ng mua mÃ¡y dÃ£ dc 2 tuáº§n. sá»­ dá»¥ng khÃ¡ mÆ°á»£t nhÆ°ng chá»‰ sá»‘ viÃªn pin 5k mÃ  cáº£m tháº¥y nÃ³ chá»‰ ngang pin 4k cÃ³ khi cÃ²n thua ná»¯a pháº§n cÃ²n láº¡i thÃ¬ OK ko cÃ³ gÃ¬ báº¥t á»•n,"Cho 5 sao vÃ¬ nhÃ¢n viÃªn phá»¥c vá»¥ ráº¥t tá»‘t vui váº», Ä‘á»‹a chá»‰ ChÃ¢u ThÃ nh, thá»‹ tráº¥n ngÃ£ sÃ¡u gÃ³p Ã½ ráº±ng mua mÃ¡y Ä‘Ã£ Ä‘Æ°á»£c 2 tuáº§n. Sá»­ dá»¥ng khÃ¡ mÆ°á»£t nhÆ°ng chá»‰ sá»‘ viÃªn pin 5k mÃ  cáº£m tháº¥y nÃ³ chá»‰ ngang pin 4k, cÃ³ khi cÃ²n thua ná»¯a. Pháº§n cÃ²n láº¡i thÃ¬ OK, ko cÃ³ gÃ¬ báº¥t á»•n","Cho 5 sao vÃ¬ nhÃ¢n viÃªn phá»¥c vá»¥ ráº¥t tá»‘t vui váº», Ä‘á»‹a chá»‰ á»Ÿ ChÃ¢u ThÃ nh, thá»‹ tráº¥n ngÃ£ SÃ¡u. GÃ³p Ã½ ráº±ng mua mÃ¡y Ä‘Ã£ Ä‘Æ°á»£c 2 tuáº§n, sá»­ dá»¥ng khÃ¡ mÆ°á»£t, nhÆ°ng chá»‰ sá»‘ viÃªn pin 5000 mÃ  cáº£m tháº¥y nÃ³ chá»‰ ngang pin 4000, cÃ³ khi cÃ²n thua ná»¯a. Pháº§n cÃ²n láº¡i thÃ¬ Ä‘Æ°á»£c, khÃ´ng cÃ³ gÃ¬ báº¥t á»•n",Cho 5 sao vÃ¬ nhÃ¢n viÃªn phá»¥c vá»¥ ráº¥t tá»‘t vui váº». Äá»‹a chá»‰ ChÃ¢u ThÃ nh thá»‹ tráº¥n NgÃ£ SÃ¡u. GÃ³p Ã½ ráº±ng mua mÃ¡y dÃ£ Ä‘Æ°á»£c 2 tuáº§n. Sá»­ dá»¥ng khÃ¡ mÆ°á»£t nhÆ°ng chá»‰ sá»‘ viÃªn pin 5k mÃ  cáº£m tháº¥y nÃ³ chá»‰ ngang pin 4k cÃ³ khi cÃ²n thua ná»¯a pháº§n cÃ²n láº¡i thÃ¬ ok khÃ´ng cÃ³ gÃ¬ báº¥t á»•n,Cho 5 sao vÃ¬ nhÃ¢n viÃªn phá»¥c vá»¥ ráº¥t tá»‘t vui váº» Ä‘á»‹a chá»‰ chÃ¢u thÃ nh thá»‹ tráº¥n ngÃ£ sÃ¡u gÃ³p Ã½ ráº±ng mua mÃ¡y Ä‘Ã£ Ä‘Æ°á»£c 2 tuáº§n. sá»­ dá»¥ng khÃ¡ mÆ°á»£t nhÆ°ng chá»‰ sá»‘ viÃªn pin 5k mÃ  cáº£m tháº¥y nÃ³ chá»‰ ngang pin 4k cÃ³ khi cÃ²n thua ná»¯a pháº§n cÃ²n láº¡i thÃ¬ OK khÃ´ng cÃ³ gÃ¬ báº¥t á»•n
1956,"LÃ m sao Ä‘á»ƒ má»Ÿ láº¡i loa Ä‘Ã¢y shop Æ¡i
Tá»± dÆ°ng nÃ³ táº¯t khÃ´ng biáº¿t cÃ¡ch má»Ÿ láº¡i lÃ´ bÃ¡o thá»©c
Mong shop tÆ° váº¥n giÃºp
Tks áº¡","LÃ m sao Ä‘á»ƒ má»Ÿ láº¡i loa Ä‘Ã¢y shop Æ¡i
Tá»± dÆ°ng nÃ³ táº¯t khÃ´ng biáº¿t cÃ¡ch má»Ÿ láº¡i loa bÃ¡o thá»©c
Mong shop tÆ° váº¥n giÃºp
Thanks áº¡","LÃ m sao Ä‘á»ƒ má»Ÿ láº¡i loa Ä‘Ã¢y shop Æ¡i
Tá»± dÆ°ng nÃ³ táº¯t khÃ´ng biáº¿t cÃ¡ch má»Ÿ láº¡i loa bÃ¡o thá»©c
Mong shop tÆ° váº¥n giÃºp
Cáº£m Æ¡n áº¡","LÃ m sao Ä‘á»ƒ má»Ÿ láº¡i loa Ä‘Ã¢y shop Æ¡i
Tá»± dÆ°ng nÃ³ táº¯t khÃ´ng biáº¿t cÃ¡ch má»Ÿ láº¡i lÃ´ bÃ¡o thá»©c
Mong shop tÆ° váº¥n giÃºp
Cáº£m Æ¡n áº¡","LÃ m sao Ä‘á»ƒ má»Ÿ láº¡i loa Ä‘Ã¢y shop Æ¡i
Tá»± dÆ°ng nÃ³ táº¯t khÃ´ng biáº¿t cÃ¡ch má»Ÿ láº¡i lÃ´ bÃ¡o thá»©c
Mong shop tÆ° váº¥n giÃºp
Tks áº¡"
1957,"MÃ¬nh dÃ¹ng hÆ¡n 1 thÃ¡ng, bá»‹ rÆ¡i tá»« 1m Ãºp xuá»‘ng Ä‘áº¥t nhÆ°ng khÃ´ng sao, game mÆ°á»£t, hÃ ng ráº¥t tá»‘t so vá»›i giÃ¡, yÃªn tÃ¢m vÃ¬ báº£o hÃ nh 18th, khuyÃªn cÃ¡c báº¡n mua","MÃ¬nh dÃ¹ng hÆ¡n 1 thÃ¡ng, bá»‹ rÆ¡i tá»« 1m Ãºp xuá»‘ng Ä‘áº¥t nhÆ°ng khÃ´ng sao, game mÆ°á»£t, hÃ ng ráº¥t tá»‘t so vá»›i giÃ¡, yÃªn tÃ¢m vÃ¬ báº£o hÃ nh 18 thÃ¡ng, khuyÃªn cÃ¡c báº¡n mua","MÃ¬nh dÃ¹ng hÆ¡n 1 thÃ¡ng, bá»‹ rÆ¡i tá»« 1m Ãºp xuá»‘ng Ä‘áº¥t nhÆ°ng khÃ´ng sao, game mÆ°á»£t, hÃ ng ráº¥t tá»‘t so vá»›i giÃ¡, yÃªn tÃ¢m vÃ¬ báº£o hÃ nh 18 thÃ¡ng, khuyÃªn cÃ¡c báº¡n mua.","MÃ¬nh dÃ¹ng hÆ¡n 1 thÃ¡ng, bá»‹ rÆ¡i tá»« 1 mÃ©t Ãºp xuá»‘ng Ä‘áº¥t nhÆ°ng khÃ´ng sao, game mÆ°á»£t, hÃ ng ráº¥t tá»‘t so vá»›i giÃ¡, yÃªn tÃ¢m vÃ¬ báº£o hÃ nh 18 thÃ¡ng, khuyÃªn cÃ¡c báº¡n mua","MÃ¬nh dÃ¹ng hÆ¡n 1 thÃ¡ng, bá»‹ rÆ¡i tá»« 1m Ãºp xuá»‘ng Ä‘áº¥t nhÆ°ng khÃ´ng sao, game mÆ°á»£t, hÃ ng ráº¥t tá»‘t so vá»›i giÃ¡, yÃªn tÃ¢m vÃ¬ báº£o hÃ nh 18 thÃ¡ng, khuyÃªn cÃ¡c báº¡n mua"
1958,MÃ n hÃ¬nh sá»c . Ä‘á»•i 2 cÃ¡i mÃ  váº«n váº­y. Cáº£m á»©ng ráº¥t tá»‡.  MÃ n hÃ¬nh nÃªn kháº¯c phá»¥c . má»i láº§n nÃ³ng mÃ¡y hoáº·c bÃ¢th 4G lÃ  sá»c Ä‘á»c khÃ´ng Ä‘Æ°á»£c tn luÃ´n. Nháº¥n vÃ o mÃ n hÃ¬nh lÃ  sá»c. Cá»© lÃªn báº£o hÃ nh nÃ³i lÃ  lá»—i phÃ¢n má»m cÃ¡p nháº­t vá» cÅ©ng váº­y. QuÃ¡ tá»‡,"MÃ n hÃ¬nh sá»c. Ä‘á»•i 2 cÃ¡i mÃ  váº«n váº­y. Cáº£m á»©ng ráº¥t tá»‡. MÃ n hÃ¬nh nÃªn kháº¯c phá»¥c. Má»—i láº§n nÃ³ng mÃ¡y hoáº·c báº­t 4G lÃ  sá»c dá»c khÃ´ng Ä‘á»c Ä‘Æ°á»£c tin nháº¯n luÃ´n. Nháº¥n vÃ o mÃ n hÃ¬nh lÃ  sá»c. Cá»© lÃªn báº£o hÃ nh nÃ³i lÃ  lá»—i phÃ¢n má»m cáº­p nháº­t, vá» cÅ©ng váº­y. QuÃ¡ tá»‡","MÃ n hÃ¬nh sá»c, Ä‘á»•i 2 cÃ¡i mÃ  váº«n váº­y. Cáº£m á»©ng ráº¥t tá»‡. MÃ n hÃ¬nh nÃªn kháº¯c phá»¥c. Má»—i láº§n nÃ³ng mÃ¡y hoáº·c báº­t 4G lÃ  sá»c, Ä‘á»c khÃ´ng Ä‘Æ°á»£c tin nháº¯n luÃ´n. Nháº¥n vÃ o mÃ n hÃ¬nh lÃ  sá»c. Cá»© lÃªn báº£o hÃ nh nÃ³i lÃ  lá»—i phÃ¢n má»m, cáº­p nháº­t vá» cÅ©ng váº­y. QuÃ¡ tá»‡",MÃ n hÃ¬nh sá»c. Äá»•i 2 cÃ¡i mÃ  váº«n váº­y. Cáº£m á»©ng ráº¥t tá»‡. MÃ n hÃ¬nh nÃªn kháº¯c phá»¥c. Má»—i láº§n nÃ³ng mÃ¡y hoáº·c báº­t 4G lÃ  sá»c Ä‘á»c khÃ´ng Ä‘Æ°á»£c tin nháº¯n luÃ´n. Nháº¥n vÃ o mÃ n hÃ¬nh lÃ  sá»c. Cá»© lÃªn báº£o hÃ nh nÃ³i lÃ  lá»—i phÃ¢n má»m cáº­p nháº­t vá» cÅ©ng váº­y. QuÃ¡ tá»‡,MÃ n hÃ¬nh sá»c . Ä‘á»•i 2 cÃ¡i mÃ  váº«n váº­y. Cáº£m á»©ng ráº¥t tá»‡.  MÃ n hÃ¬nh nÃªn kháº¯c phá»¥c . má»i láº§n nÃ³ng mÃ¡y hoáº·c bÃ¢th 4G lÃ  sá»c Ä‘á»c khÃ´ng Ä‘Æ°á»£c tin nháº¯n luÃ´n. Nháº¥n vÃ o mÃ n hÃ¬nh lÃ  sá»c. Cá»© lÃªn báº£o hÃ nh nÃ³i lÃ  lá»—i phÃ¢n má»m cÃ¡p nháº­t vá» cÅ©ng váº­y. QuÃ¡ tá»‡
1959,LÃºc Ä‘áº§u mua vá» chÆ¡i game cÃ²n Ä‘c Ä‘c . cÃ ng ngÃ y cÃ ng dá»Ÿ . há»Ÿ mÃ¡y nÃ³ng 1 tÃ­ lÃ  chÆ¡i lag k thÃª táº£ ná»•i . qua dá»Ÿ,LÃºc Ä‘áº§u mua vá» chÆ¡i game cÃ²n Ä‘Æ°á»£c Ä‘Æ°á»£c. CÃ ng ngÃ y cÃ ng dá»Ÿ. Há»Ÿ mÃ¡y nÃ³ng 1 tÃ­ lÃ  chÆ¡i lag khÃ´ng thá»ƒ táº£ ná»•i. quÃ¡ dá»Ÿ,LÃºc Ä‘áº§u mua vá» chÆ¡i game cÃ²n Ä‘Æ°á»£c Ä‘Æ°á»£c. CÃ ng ngÃ y cÃ ng dá»Ÿ. Cá»© mÃ¡y nÃ³ng 1 tÃ­ lÃ  chÆ¡i lag khÃ´ng thá»ƒ táº£ ná»•i. QuÃ¡ dá»Ÿ,LÃºc Ä‘áº§u mua vá» chÆ¡i game cÃ²n Ä‘Æ°á»£c Ä‘Æ°á»£c. CÃ ng ngÃ y cÃ ng dá»Ÿ. Há»Ÿ mÃ¡y nÃ³ng 1 tÃ­ lÃ  chÆ¡i lag khÃ´ng thá»ƒ táº£ ná»•i. QuÃ¡ dá»Ÿ,LÃºc Ä‘áº§u mua vá» chÆ¡i game cÃ²n Ä‘Æ°á»£c Ä‘Æ°á»£c . cÃ ng ngÃ y cÃ ng dá»Ÿ . há»Ÿ mÃ¡y nÃ³ng 1 tÃ­ lÃ  chÆ¡i lag khÃ´ng thÃª táº£ ná»•i . quÃ¡ dá»Ÿ
1960,"VÃ¬ mÃ¬nh Ã­t khi cÃ³ nhu cáº§u gá»i vÃ  nghe nÃªn hÃ´m nay vÃ´ tÃ¬nh xem Ä‘c 1 bÃ i Ä‘Äƒng báº£o lÃ  9 pro cÃ³ lá»—i lÃ  khi gá»i ko nghe Ä‘c gÃ¬, pháº£i báº­t loa lÃªn thÃ¬ má»›i nghe Ä‘c, tháº¿ nÃªn mÃ¬nh cÅ©ng test thá»­ thÃ¬ Ä‘Ãºng lÃ  cÃ³ lá»—i y chang váº­y trÃªn mÃ¡y cá»§a mÃ¬nh. LÃ m sao kháº¯c phá»¥c áº¡ hay pháº£i Ä‘em xuá»‘ng tháº¿ giá»›i di Ä‘á»™ng áº¡.","VÃ¬ mÃ¬nh Ã­t khi cÃ³ nhu cáº§u gá»i vÃ  nghe nÃªn hÃ´m nay vÃ´ tÃ¬nh xem Ä‘Æ°á»£c 1 bÃ i Ä‘Äƒng báº£o lÃ  9 pro cÃ³ lá»—i lÃ  khi gá»i khÃ´ng nghe Ä‘c gÃ¬, pháº£i báº­t loa lÃªn thÃ¬ má»›i nghe Ä‘c, tháº¿ nÃªn mÃ¬nh cÅ©ng test thá»­ thÃ¬ Ä‘Ãºng lÃ  cÃ³ lá»—i y chang váº­y trÃªn mÃ¡y cá»§a mÃ¬nh. LÃ m sao kháº¯c phá»¥c áº¡ hay pháº£i Ä‘em xuá»‘ng tháº¿ giá»›i di Ä‘á»™ng áº¡.","VÃ¬ mÃ¬nh Ã­t khi cÃ³ nhu cáº§u gá»i vÃ  nghe nÃªn hÃ´m nay vÃ´ tÃ¬nh xem Ä‘Æ°á»£c 1 bÃ i Ä‘Äƒng báº£o lÃ  9 Pro cÃ³ lá»—i lÃ  khi gá»i khÃ´ng nghe Ä‘Æ°á»£c gÃ¬, pháº£i báº­t loa lÃªn thÃ¬ má»›i nghe Ä‘Æ°á»£c, tháº¿ nÃªn mÃ¬nh cÅ©ng test thá»­ thÃ¬ Ä‘Ãºng lÃ  cÃ³ lá»—i y chang váº­y trÃªn mÃ¡y cá»§a mÃ¬nh. LÃ m sao kháº¯c phá»¥c áº¡? Hay pháº£i Ä‘em xuá»‘ng Tháº¿ giá»›i di Ä‘á»™ng áº¡?","VÃ¬ mÃ¬nh Ã­t khi cÃ³ nhu cáº§u gá»i vÃ  nghe nÃªn hÃ´m nay vÃ´ tÃ¬nh xem Ä‘Æ°á»£c 1 bÃ i Ä‘Äƒng báº£o lÃ  9 Pro cÃ³ lá»—i lÃ  khi gá»i ko nghe Ä‘Æ°á»£c gÃ¬, pháº£i báº­t loa lÃªn thÃ¬ má»›i nghe Ä‘Æ°á»£c, tháº¿ nÃªn mÃ¬nh cÅ©ng kiá»ƒm tra thá»­ thÃ¬ Ä‘Ãºng lÃ  cÃ³ lá»—i y chang váº­y trÃªn mÃ¡y cá»§a mÃ¬nh. LÃ m sao kháº¯c phá»¥c áº¡ hay pháº£i Ä‘em xuá»‘ng tháº¿ giá»›i di Ä‘á»™ng áº¡.","VÃ¬ mÃ¬nh Ã­t khi cÃ³ nhu cáº§u gá»i vÃ  nghe nÃªn hÃ´m nay vÃ´ tÃ¬nh xem Ä‘c 1 bÃ i Ä‘Äƒng báº£o lÃ  9 pro cÃ³ lá»—i lÃ  khi gá»i khÃ´ng nghe Ä‘c gÃ¬, pháº£i báº­t loa lÃªn thÃ¬ má»›i nghe Ä‘c, tháº¿ nÃªn mÃ¬nh cÅ©ng test thá»­ thÃ¬ Ä‘Ãºng lÃ  cÃ³ lá»—i y chang váº­y trÃªn mÃ¡y cá»§a mÃ¬nh. LÃ m sao kháº¯c phá»¥c áº¡ hay pháº£i Ä‘em xuá»‘ng tháº¿ giá»›i di Ä‘á»™ng áº¡."
1961,MÃ¡y má»›i mua Ä‘Ãºng 1 ngÃ y hÆ° luÃ´n cáº£m á»©ng.  ChÆ°a tháº¥y cÃ¡i mÃ¡y nÃ o tá»‡ nhÆ° mÃ¡y nÃ y. XÃ i ngÃ y Ä‘áº§u tiÃªn thÃ¬ mÃ¡y lag.  Cáº£m biÃ©n vÃ¢n tay thÃ¬ tá»‡,MÃ¡y má»›i mua Ä‘Ãºng 1 ngÃ y hÆ° luÃ´n cáº£m á»©ng.  ChÆ°a tháº¥y cÃ¡i mÃ¡y nÃ o tá»‡ nhÆ° mÃ¡y nÃ y. XÃ i ngÃ y Ä‘áº§u tiÃªn thÃ¬ mÃ¡y lag.  Cáº£m biáº¿n vÃ¢n tay thÃ¬ tá»‡,MÃ¡y má»›i mua Ä‘Ãºng 1 ngÃ y hÆ° luÃ´n cáº£m á»©ng. ChÆ°a tháº¥y cÃ¡i mÃ¡y nÃ o tá»‡ nhÆ° mÃ¡y nÃ y. XÃ i ngÃ y Ä‘áº§u tiÃªn thÃ¬ mÃ¡y lag. Cáº£m biÃ©n vÃ¢n tay thÃ¬ tá»‡,MÃ¡y má»›i mua Ä‘Ãºng 1 ngÃ y hÆ° luÃ´n cáº£m á»©ng. ChÆ°a tháº¥y cÃ¡i mÃ¡y nÃ o tá»‡ nhÆ° mÃ¡y nÃ y. XÃ i ngÃ y Ä‘áº§u tiÃªn thÃ¬ mÃ¡y lag. Cáº£m biÃ©n vÃ¢n tay thÃ¬ tá»‡,MÃ¡y má»›i mua Ä‘Ãºng 1 ngÃ y hÆ° luÃ´n cáº£m á»©ng.  ChÆ°a tháº¥y cÃ¡i mÃ¡y nÃ o tá»‡ nhÆ° mÃ¡y nÃ y. XÃ i ngÃ y Ä‘áº§u tiÃªn thÃ¬ mÃ¡y lag.  Cáº£m biÃ©n vÃ¢n tay thÃ¬ tá»‡
1962,"Äiá»‡n thoáº¡i Ä‘áº¹p nhÆ°ng cam chá»¥p hÆ¡i xáº¥u luÃ´n á»§ng há»™ hÃ ng viá»‡t nam ,cÃ²n dÃ¹ng lÃ¢u dÃ i thÃ¬ chÆ°a bt,nhÃ¢n viÃªn tgdd bÃ¬nh long bÃ¬nh phÆ°á»›c tÆ° vÃ¢n nhiá»‡t tÃ¬nh","Äiá»‡n thoáº¡i Ä‘áº¹p nhÆ°ng camera chá»¥p hÆ¡i xáº¥u, luÃ´n á»§ng há»™ hÃ ng viá»‡t nam, cÃ²n dÃ¹ng lÃ¢u dÃ i thÃ¬ chÆ°a biáº¿t, nhÃ¢n viÃªn thegioididong bÃ¬nh long, bÃ¬nh phÆ°á»›c tÆ° váº¥n nhiá»‡t tÃ¬nh","Äiá»‡n thoáº¡i Ä‘áº¹p nhÆ°ng Camera chá»¥p hÆ¡i xáº¥u. LuÃ´n á»§ng há»™ hÃ ng Viá»‡t Nam, cÃ²n dÃ¹ng lÃ¢u dÃ i thÃ¬ chÆ°a biáº¿t. NhÃ¢n viÃªn Tháº¿ giá»›i di Ä‘á»™ng BÃ¬nh Long, BÃ¬nh PhÆ°á»›c tÆ° váº¥n nhiá»‡t tÃ¬nh","Äiá»‡n thoáº¡i Ä‘áº¹p nhÆ°ng camera chá»¥p hÆ¡i xáº¥u luÃ´n á»§ng há»™ hÃ ng Viá»‡t Nam, cÃ²n dÃ¹ng lÃ¢u dÃ i thÃ¬ chÆ°a biáº¿t,nhÃ¢n viÃªn Tháº¿ giá»›i di Ä‘á»™ng BÃ¬nh Long BÃ¬nh PhÆ°á»›c tÆ° vÃ¢n nhiá»‡t tÃ¬nh","Äiá»‡n thoáº¡i Ä‘áº¹p nhÆ°ng cam chá»¥p hÆ¡i xáº¥u luÃ´n á»§ng há»™ hÃ ng viá»‡t nam ,cÃ²n dÃ¹ng lÃ¢u dÃ i thÃ¬ chÆ°a biáº¿t,nhÃ¢n viÃªn Tháº¿ Giá»›i Di Äá»™ng bÃ¬nh long bÃ¬nh phÆ°á»›c tÆ° vÃ¢n nhiá»‡t tÃ¬nh"
1963,Tháº¿ giá»›i di Ä‘á»™ng á»Ÿ ngÃ£ tÆ° QL51+Lá»™c An thÃ¬ tÆ° váº¥n ráº¥t nhiá»‡t tÃ¬nh vÃ  máº¿n khÃ¡ch...... Cho 5 sao cÃ¡ch phá»¥c vá»¥ khÃ¡ch hÃ ng...,Tháº¿ giá»›i di Ä‘á»™ng á»Ÿ ngÃ£ tÆ° QL51 + Lá»™c An thÃ¬ tÆ° váº¥n ráº¥t nhiá»‡t tÃ¬nh vÃ  máº¿n khÃ¡ch. Cho 5 sao cÃ¡ch phá»¥c vá»¥ khÃ¡ch hÃ ng.,"Tháº¿ giá»›i di Ä‘á»™ng á»Ÿ ngÃ£ tÆ° Quá»‘c lá»™ 51, Lá»™c An thÃ¬ tÆ° váº¥n ráº¥t nhiá»‡t tÃ¬nh vÃ  máº¿n khÃ¡ch...... Cho 5 sao cÃ¡ch phá»¥c vá»¥ khÃ¡ch hÃ ng...",Tháº¿ giá»›i di Ä‘á»™ng á»Ÿ ngÃ£ tÆ° QL51+ Lá»™c An thÃ¬ tÆ° váº¥n ráº¥t nhiá»‡t tÃ¬nh vÃ  máº¿n khÃ¡ch... Cho 5 sao cÃ¡ch phá»¥c vá»¥ khÃ¡ch hÃ ng...,Tháº¿ giá»›i di Ä‘á»™ng á»Ÿ ngÃ£ tÆ° QL51 Lá»™c An thÃ¬ tÆ° váº¥n ráº¥t nhiá»‡t tÃ¬nh vÃ  máº¿n khÃ¡ch...... Cho 5 sao cÃ¡ch phá»¥c vá»¥ khÃ¡ch hÃ ng...
1964,"Thiáº¿t káº¿ A11Ä‘áº¹p sang trá»ng ,pin khá»e sáº¡c nhanh dung lÃ¢u ko lo háº¿t pin chá»¥p áº£nh sÃ¡ng rÃµ mÃ n hÃ¬nh rá»™ng thao tÃ¡c dá»… dÃ ng","Thiáº¿t káº¿ A11 Ä‘áº¹p sang trá»ng, pin khá»e sáº¡c nhanh, dÃ¹ng lÃ¢u ko lo háº¿t pin, chá»¥p áº£nh sÃ¡ng rÃµ, mÃ n hÃ¬nh rá»™ng, thao tÃ¡c dá»… dÃ ng","Thiáº¿t káº¿ A11 Ä‘áº¹p, sang trá»ng, pin khá»e sáº¡c nhanh dÃ¹ng lÃ¢u khÃ´ng lo háº¿t pin, chá»¥p áº£nh sÃ¡ng rÃµ, mÃ n hÃ¬nh rá»™ng thao tÃ¡c dá»… dÃ ng","Thiáº¿t káº¿ A11 Ä‘áº¹p, sang trá»ng; pin khá»e, sáº¡c nhanh; dÃ¹ng lÃ¢u khÃ´ng lo háº¿t pin; chá»¥p áº£nh sÃ¡ng, rÃµ; mÃ n hÃ¬nh rá»™ng, thao tÃ¡c dá»… dÃ ng","Thiáº¿t káº¿ A11 Ä‘áº¹p sang trá»ng ,pin khá»e sáº¡c nhanh dung lÃ¢u khÃ´ng lo háº¿t pin chá»¥p áº£nh sÃ¡ng rÃµ mÃ n hÃ¬nh rá»™ng thao tÃ¡c dá»… dÃ ng"
1965,MÃ¡y xÃ i tuyá»‡t vá»i  ko chÃª game liÃªn  quÃ¢n thÃ¬ test thá»­ xog xÃ³a mÃ¡y chá»§ yáº¿u xÃ i lÆ°á»›t web lm vc ráº¥t lÃ  mÆ°á»£t máº·c dÃ¹ chá»‰ lÃ  con chÃ­p mediatek g90t nhÆ°ng Ä‘em tráº£i nghiá»‡m tá»‘t mÃ  hÃ¬nh nhÆ° mÃ¡y cá»© sáº¡c tá»›i 100% xÃ i 5 phÃºt tá»¥t xuá»‘ng 96% cho há»i mÃ¡y nÃªn sáº¡c nhÆ° tháº¿ nÃ o lÃ  Ä‘Ãºng cÃ¡ch Ä‘á»ƒ ko bá»‹ chai pin vs láº¡i mÃ¬nh cÃ³  voucher mua Ä‘á»“ng há»“ báº£o hÃ nh dc 1 nÄƒm náº¿u mai má»‘t háº¿t pin cÃ³ thá»ƒ mag ra tháº¿ giá»›i di Ä‘á»™ng thay dc ko,"MÃ¡y xÃ i tuyá»‡t vá»i ko chÃª, game liÃªn quÃ¢n thÃ¬ test thá»­ xong xÃ³a, mÃ¡y chá»§ yáº¿u xÃ i lÆ°á»›t web lÃ m viá»‡c ráº¥t lÃ  mÆ°á»£t máº·c dÃ¹ chá»‰ lÃ  con chÃ­p mediatek g90t nhÆ°ng Ä‘em tráº£i nghiá»‡m tá»‘t, mÃ  hÃ¬nh nhÆ° mÃ¡y cá»© sáº¡c tá»›i 100% xÃ i 5 phÃºt tá»¥t xuá»‘ng 96% cho há»i mÃ¡y nÃªn sáº¡c nhÆ° tháº¿ nÃ o lÃ  Ä‘Ãºng cÃ¡ch Ä‘á»ƒ khÃ´ng bá»‹ chai pin, vá»›i láº¡i mÃ¬nh cÃ³  voucher mua Ä‘á»“ng há»“ báº£o hÃ nh Ä‘Æ°á»£c 1 nÄƒm, náº¿u mai má»‘t háº¿t pin cÃ³ thá»ƒ mang ra tháº¿ giá»›i di Ä‘á»™ng thay Ä‘Æ°á»£c ko?","MÃ¡y xÃ i tuyá»‡t vá»i khÃ´ng chÃª. Game LiÃªn QuÃ¢n thÃ¬ test thá»­ xong xÃ³a. MÃ¡y chá»§ yáº¿u xÃ i lÆ°á»›t Web, lÃ m viá»‡c ráº¥t lÃ  mÆ°á»£t. Máº·c dÃ¹ chá»‰ lÃ  con chip MediaTek G90T nhÆ°ng Ä‘em tráº£i nghiá»‡m tá»‘t. MÃ  hÃ¬nh nhÆ° mÃ¡y cá»© sáº¡c tá»›i 100% xÃ i 5 phÃºt tá»¥t xuá»‘ng 96%. Cho há»i mÃ¡y nÃªn sáº¡c nhÆ° tháº¿ nÃ o lÃ  Ä‘Ãºng cÃ¡ch Ä‘á»ƒ khÃ´ng bá»‹ chai pin. Vá»›i láº¡i mÃ¬nh cÃ³ Voucher mua Ä‘á»“ng há»“ báº£o hÃ nh Ä‘Æ°á»£c 1 nÄƒm, náº¿u mai má»‘t háº¿t pin cÃ³ thá»ƒ mang ra Tháº¿ giá»›i di Ä‘á»™ng thay Ä‘Æ°á»£c khÃ´ng","MÃ¡y xÃ i tuyá»‡t vá»i, khÃ´ng chÃª, game LiÃªn QuÃ¢n thÃ¬ kiá»ƒm tra thá»­ xong xÃ³a mÃ¡y, chá»§ yáº¿u xÃ i lÆ°á»›t web, lÃ m viá»‡c ráº¥t lÃ  mÆ°á»£t máº·c dÃ¹ chá»‰ lÃ  con chÃ­p MediaTek G90T nhÆ°ng Ä‘em tráº£i nghiá»‡m tá»‘t, mÃ  hÃ¬nh nhÆ° mÃ¡y cá»© sáº¡c tá»›i 100% xÃ i 5 phÃºt tá»¥t xuá»‘ng 96% cho há»i mÃ¡y nÃªn sáº¡c nhÆ° tháº¿ nÃ o lÃ  Ä‘Ãºng, cÃ¡ch Ä‘á»ƒ ko bá»‹ chai pin vá»›i láº¡i mÃ¬nh cÃ³ phiáº¿u khuyáº¿n mÃ£i mua Ä‘á»“ng há»“ báº£o hÃ nh Ä‘Æ°á»£c 1 nÄƒm náº¿u mai má»‘t háº¿t pin cÃ³ thá»ƒ mang ra Tháº¿ giá»›i di Ä‘á»™ng thay Ä‘Æ°á»£c khÃ´ng",MÃ¡y xÃ i tuyá»‡t vá»i  khÃ´ng chÃª game liÃªn  quÃ¢n thÃ¬ test thá»­ xong xÃ³a mÃ¡y chá»§ yáº¿u xÃ i lÆ°á»›t web lÃ m viá»‡c ráº¥t lÃ  mÆ°á»£t máº·c dÃ¹ chá»‰ lÃ  con chÃ­p mediatek g90t nhÆ°ng Ä‘em tráº£i nghiá»‡m tá»‘t mÃ  hÃ¬nh nhÆ° mÃ¡y cá»© sáº¡c tá»›i 100% xÃ i 5 phÃºt tá»¥t xuá»‘ng 96% cho há»i mÃ¡y nÃªn sáº¡c nhÆ° tháº¿ nÃ o lÃ  Ä‘Ãºng cÃ¡ch Ä‘á»ƒ khÃ´ng bá»‹ chai pin vá»›i láº¡i mÃ¬nh cÃ³  voucher mua Ä‘á»“ng há»“ báº£o hÃ nh Ä‘Æ°á»£c 1 nÄƒm náº¿u mai má»‘t háº¿t pin cÃ³ thá»ƒ mag ra tháº¿ giá»›i di Ä‘á»™ng thay Ä‘Æ°á»£c khÃ´ng
1966,tá»‘c Ä‘á»™ lÆ°u áº£nh cháº­m ko khÃ¡c j con ip6 cÃ³ lÃºc cÃ²n bá»‹ Ä‘Æ¡!ra há»i nhÃ¢n viÃªn kÃªu con nÃ y nhiá»u tÃ­nh nÄƒng hÆ¡n nÃªn lÆ°u cháº­m lÃ  bÃ¬nh thÆ°á»ngğŸ˜‚!nghe muá»‘n Ä‘áº­p dt Ä‘i vá» dÃ¹ng ip6 cho rá»“i! cÃ³ ai bá»‹ nhÆ° mÃ¬nh ko?,"tá»‘c Ä‘á»™ lÆ°u áº£nh cháº­m khÃ´ng khÃ¡c gÃ¬ con iphone 6, cÃ³ lÃºc cÃ²n bá»‹ Ä‘Æ¡! ra há»i nhÃ¢n viÃªn kÃªu con nÃ y nhiá»u tÃ­nh nÄƒng hÆ¡n nÃªn lÆ°u cháº­m lÃ  bÃ¬nh thÆ°á»ngğŸ˜‚! nghe muá»‘n Ä‘áº­p Ä‘iá»‡n thoáº¡i Ä‘i vá» dÃ¹ng iphone 6 cho rá»“i! cÃ³ ai bá»‹ nhÆ° mÃ¬nh ko?","Tá»‘c Ä‘á»™ lÆ°u áº£nh cháº­m khÃ´ng khÃ¡c gÃ¬ con Iphone 6, cÃ³ lÃºc cÃ²n bá»‹ Ä‘Æ¡ ra. Há»i nhÃ¢n viÃªn kÃªu con nÃ y nhiá»u tÃ­nh nÄƒng hÆ¡n nÃªn lÆ°u cháº­m lÃ  bÃ¬nh thÆ°á»ngğŸ˜‚! Nghe muá»‘n Ä‘áº­p Ä‘iá»‡n thoáº¡i Ä‘i vá» dÃ¹ng Iphone 6 cho rá»“i! CÃ³ ai bá»‹ nhÆ° mÃ¬nh khÃ´ng?",Tá»‘c Ä‘á»™ lÆ°u áº£nh cháº­m khÃ´ng khÃ¡c gÃ¬ con iPhone 6 cÃ³ lÃºc cÃ²n bá»‹ Ä‘Æ¡! Ra há»i nhÃ¢n viÃªn kÃªu con nÃ y nhiá»u tÃ­nh nÄƒng hÆ¡n nÃªn lÆ°u cháº­m lÃ  bÃ¬nh thÆ°á»ngğŸ˜‚! Nghe muá»‘n Ä‘áº­p Ä‘iá»‡n thoáº¡i Ä‘i vá» dÃ¹ng iPhone 6 cho rá»“i! CÃ³ ai bá»‹ nhÆ° mÃ¬nh ko?,tá»‘c Ä‘á»™ lÆ°u áº£nh cháº­m khÃ´ng khÃ¡c gÃ¬ con IPhone 6 cÃ³ lÃºc cÃ²n bá»‹ Ä‘Æ¡!ra há»i nhÃ¢n viÃªn kÃªu con nÃ y nhiá»u tÃ­nh nÄƒng hÆ¡n nÃªn lÆ°u cháº­m lÃ  bÃ¬nh thÆ°á»ngğŸ˜‚!nghe muá»‘n Ä‘áº­p Ä‘iá»‡n thoáº¡i Ä‘i vá» dÃ¹ng IPhone 6 cho rá»“i! cÃ³ ai bá»‹ nhÆ° mÃ¬nh khÃ´ng?